name,datetime,temp,feelslike,dew,humidity,precip,precipprob,preciptype,snow,snowdepth,windgust,windspeed,winddir,sealevelpressure,cloudcover,visibility,solarradiation,solarenergy,uvindex,severerisk,conditions,icon,stations
Ho Chi Minh,2026-06-24T00:00:00,84.1,90.7,73.3,70.1,0,0,,0,0,9.6,4.7,220,1007,98.9,6.2,0,0,0,30,Overcast,cloudy,VVTS
Ho Chi Minh,2026-06-24T01:00:00,82.3,89.3,75.1,78.91,0,0,,0,0,11.2,4.7,250,1007,100,6.2,0,0,0,30,Overcast,cloudy,VVTS
Ho Chi Minh,2026-06-24T02:00:00,82.3,92.1,78.7,88.91,0,0,,0,0,11.4,5.8,240,1007,25,6.2,0,0,0,30,Partially cloudy,partly-cloudy-night,VVTS
Ho Chi Minh,2026-06-24T03:00:00,82.3,92.1,78.7,88.91,0,0,,0,0,11.9,5.8,250,1007,100,6.2,0,0,0,30,Overcast,cloudy,VVTS
Ho Chi Minh,2026-06-24T04:00:00,82.3,93.8,80.5,94.31,0,0,,0,0,9.8,4.7,220,1007,100,6.2,0,0,0,30,Overcast,cloudy,VVTS
Ho Chi Minh,2026-06-24T05:00:00,82.3,93.8,80.5,94.31,0,0,,0,0,6.5,4.7,220,1007,25,6.2,0,0,0,30,Partially cloudy,partly-cloudy-night,VVTS
Ho Chi Minh,2026-06-24T06:00:00,82.3,93.8,80.5,94.31,0,0,,0,0,8.3,3.4,220,1008,25,6.2,6,0,0,30,Partially cloudy,partly-cloudy-day,VVTS
Ho Chi Minh,2026-06-24T07:00:00,84.1,98,80.5,88.99,0,0,,0,0,11.9,6.9,230,1008,25,6.2,96,0.3,1,30,Partially cloudy,partly-cloudy-day,VVTS
Ho Chi Minh,2026-06-24T08:00:00,85.9,101.6,80.5,84,0,0,,0,0,10.5,8.1,250,1009,97.9,6.2,283,1,3,30,Overcast,cloudy,VVTS
Ho Chi Minh,2026-06-24T09:00:00,85.9,101.6,80.5,84,0,0,,0,0,8.7,11.4,230,1009,25,6.2,525,1.9,5,60,Partially cloudy,partly-cloudy-day,VVTS
Ho Chi Minh,2026-06-24T10:00:00,89.5,107.8,80.5,74.94,0,0,,0,0,8.5,8.1,270,1008,25,6.2,712,2.6,7,60,Partially cloudy,partly-cloudy-day,VVTS
Ho Chi Minh,2026-06-24T11:00:00,91.3,104.8,76.9,62.92,0.012,100,rain,0,0,8.7,11.4,260,1008,88,6.2,780,2.8,8,60,"Rain, Partially cloudy",rain,VVTS
Ho Chi Minh,2026-06-24T12:00:00,96.2,104.5,71.5,45.17,0.008,0,rain,0,0,8.9,6,267.5,1006,94.9,15,801,2.9,8,30,Overcast,cloudy,
Ho Chi Minh,2026-06-24T13:00:00,94.7,101.8,70.6,45.8,0.012,13,rain,0,0,8.3,5.8,265.6,1006,100,15,414,1.5,4,30,Overcast,cloudy,
Ho Chi Minh,2026-06-24T14:00:00,92.4,100,71.7,51.08,0.012,65,rain,0,0,4.5,2.5,258.5,1005,100,7.3,147,0.5,1,30,"Rain, Overcast",rain,
Ho Chi Minh,2026-06-24T15:00:00,92.4,100.7,72.4,52.33,0.004,65,rain,0,0,3.1,3.8,107.2,1005,100,15,147,0.5,1,30,"Rain, Overcast",rain,
Ho Chi Minh,2026-06-24T16:00:00,90.6,99.8,73.7,57.76,0.004,65,rain,0,0,8.7,6.3,158.7,1005,100,15,106,0.4,1,60,"Rain, Overcast",rain,
Ho Chi Minh,2026-06-24T17:00:00,88.2,97.1,74,62.93,0,65,rain,0,0,10.7,5.8,171.7,1005,100,15,31,0.1,0,60,"Rain, Overcast",rain,
Ho Chi Minh,2026-06-24T18:00:00,88.2,96,72.9,60.69,0,65,rain,0,0,7.8,4.7,176.7,1005,70.6,15,9,0,0,30,"Rain, Partially cloudy",rain,
Ho Chi Minh,2026-06-24T19:00:00,87.3,95,73.1,62.82,0.004,65,rain,0,0,13.4,6.3,224.2,1006,73.5,15,0,0,0,30,"Rain, Partially cloudy",rain,
Ho Chi Minh,2026-06-24T20:00:00,84.8,92.4,74,70.17,0.028,74,rain,0,0,20.1,10.7,253,1007,91.2,11.8,0,0,0,30,"Rain, Overcast",rain,
Ho Chi Minh,2026-06-24T21:00:00,81.4,86.5,73.1,76.04,0.02,74,rain,0,0,17.4,7.8,253.1,1008,99.6,15,0,0,0,3,"Rain, Overcast",rain,
Ho Chi Minh,2026-06-24T22:00:00,80.9,85.2,72.1,74.62,0,74,rain,0,0,13.6,7.2,236.5,1009,100,15,0,0,0,5,"Rain, Overcast",rain,
Ho Chi Minh,2026-06-24T23:00:00,78,78,70.6,78.1,0.051,74,rain,0,0,20.6,8.1,230.3,1009,100,7,0,0,0,0,"Rain, Overcast",rain,
Ho Chi Minh,2026-06-25T00:00:00,78.2,78.2,70.2,76.69,0,74,rain,0,0,11,3.8,248.3,1008,100,15,0,0,0,0,"Rain, Overcast",rain,
Ho Chi Minh,2026-06-25T01:00:00,77.3,77.3,70.8,80.47,0.035,74,rain,0,0,4.9,2,193.6,1008,100,15,0,0,0,0,"Rain, Overcast",rain,
Ho Chi Minh,2026-06-25T02:00:00,78,78,71,79.06,0.012,61,rain,0,0,4,2,173.1,1008,100,15,0,0,0,0,"Rain, Overcast",rain,
Ho Chi Minh,2026-06-25T03:00:00,78.2,78.2,71.9,81.03,0,61,rain,0,0,9.2,3.8,193.3,1007,100,15,0,0,0,3,"Rain, Overcast",rain,
Ho Chi Minh,2026-06-25T04:00:00,78.2,78.2,73.3,85.06,0,61,rain,0,0,9.4,3.6,165.1,1008,91.3,15,0,0,0,3,"Rain, Overcast",rain,
Ho Chi Minh,2026-06-25T05:00:00,78,78,74,87.66,0,61,rain,0,0,5.4,3.4,143.8,1008,83.9,15,0,0,0,10,"Rain, Partially cloudy",rain,
Ho Chi Minh,2026-06-25T06:00:00,77.8,77.8,74.6,89.79,0.031,61,rain,0,0,5.1,2.9,153.2,1008,53.4,14.1,7,0,0,10,"Rain, Partially cloudy",rain,
Ho Chi Minh,2026-06-25T07:00:00,80.5,86.3,75.8,85.7,0.02,61,rain,0,0,12.1,5.4,211,1009,94.9,15,128,0.5,1,30,"Rain, Overcast",rain,
Ho Chi Minh,2026-06-25T08:00:00,83.6,91.8,75.6,77.14,0.02,90,rain,0,0,17.2,8.7,238,1009,99.5,15,271,1,3,30,"Rain, Overcast",rain,
Ho Chi Minh,2026-06-25T09:00:00,88.1,96.5,73.7,62.53,0.016,90,rain,0,0,15.9,10.5,251.5,1010,100,15,525,1.9,5,30,"Rain, Overcast",rain,
Ho Chi Minh,2026-06-25T10:00:00,90.2,97.5,71.9,54.98,0.004,90,rain,0,0,15.2,12.5,262.2,1009,100,15,648,2.3,6,30,"Rain, Overcast",rain,
Ho Chi Minh,2026-06-25T11:00:00,91.3,98.3,71.3,52.18,0,90,rain,0,0,14.3,13,266.5,1009,96.1,15,764,2.8,8,10,"Rain, Overcast",rain,
Ho Chi Minh,2026-06-25T12:00:00,92,99.4,71.5,51.34,0,90,rain,0,0,12.8,11.6,263.6,1008,47.9,15,829,3,8,30,"Rain, Partially cloudy",rain,
Ho Chi Minh,2026-06-25T13:00:00,93.5,101.1,71.5,49.09,0,90,rain,0,0,12.1,11.2,262,1007,97.4,15,881,3.2,9,30,"Rain, Overcast",rain,
Ho Chi Minh,2026-06-25T14:00:00,93.6,100.7,70.8,47.64,0,94,rain,0,0,12.1,10.7,255.4,1007,98.4,15,620,2.2,6,30,"Rain, Overcast",rain,
Ho Chi Minh,2026-06-25T15:00:00,93.1,100.2,71,48.74,0,94,rain,0,0,12.1,10.5,248.8,1006,99.5,15,417,1.5,4,30,"Rain, Overcast",rain,
Ho Chi Minh,2026-06-25T16:00:00,92.6,100.2,71.7,50.79,0,94,rain,0,0,12.8,10.1,255.1,1006,99.4,15,298,1.1,3,30,"Rain, Overcast",rain,
Ho Chi Minh,2026-06-25T17:00:00,91.8,99.7,72.1,52.58,0,94,rain,0,0,11.9,8.7,248.2,1006,89.1,15,226,0.8,2,30,"Rain, Partially cloudy",rain,
Ho Chi Minh,2026-06-25T18:00:00,88.4,95.9,72.6,59.62,0.008,94,rain,0,0,15.9,11.4,207.1,1006,99.2,15,105,0.4,1,30,"Rain, Overcast",rain,
Ho Chi Minh,2026-06-25T19:00:00,83.6,89.8,73.1,70.9,0.02,94,rain,0,0,17.7,9.6,194.5,1007,100,14.8,0,0,0,10,"Rain, Overcast",rain,
Ho Chi Minh,2026-06-25T20:00:00,80.5,85.5,74.2,81.19,0.098,65,rain,0,0,15.9,6.9,200.1,1009,100,2.9,0,0,0,10,"Rain, Overcast",rain,
Ho Chi Minh,2026-06-25T21:00:00,80,80,74.7,84.14,0.012,65,rain,0,0,11.4,4.7,196.4,1009,100,15,0,0,0,10,"Rain, Overcast",rain,
Ho Chi Minh,2026-06-25T22:00:00,80.3,85.6,75.1,84.16,0.016,65,rain,0,0,8.1,3.1,233.2,1010,97.5,15,0,0,0,10,"Rain, Overcast",rain,
Ho Chi Minh,2026-06-25T23:00:00,80,80,75.1,85.16,0,65,rain,0,0,7.2,4.5,171.4,1010,97,15,0,0,0,10,"Rain, Overcast",rain,
Ho Chi Minh,2026-06-26T00:00:00,79.4,79.4,74.9,86.16,0,65,rain,0,0,10.5,4.7,187.7,1009,100,15,0,0,0,30,"Rain, Overcast",rain,
Ho Chi Minh,2026-06-26T01:00:00,80,80,74.9,84.65,0,65,rain,0,0,13.9,4.3,219.6,1009,100,15,0,0,0,30,"Rain, Overcast",rain,
Ho Chi Minh,2026-06-26T02:00:00,79.8,79.8,74.7,84.64,0,36,,0,0,17.2,4.3,225.1,1008,100,15,0,0,0,30,Overcast,cloudy,
Ho Chi Minh,2026-06-26T03:00:00,79.6,79.6,74.7,85.14,0,36,,0,0,12.5,4.3,210.5,1008,100,15,0,0,0,30,Overcast,cloudy,
Ho Chi Minh,2026-06-26T04:00:00,79.2,79.2,74.7,86.15,0,36,,0,0,12.8,4.3,209.1,1008,78,15,0,0,0,30,Partially cloudy,partly-cloudy-night,
Ho Chi Minh,2026-06-26T05:00:00,78.7,78.7,74.6,87.17,0.004,36,rain,0,0,9.4,3.6,204.4,1009,57.1,5.9,0,0,0,30,Partially cloudy,partly-cloudy-night,
Ho Chi Minh,2026-06-26T06:00:00,78.3,78.3,74.7,88.74,0.024,36,rain,0,0,8.5,3.4,211.3,1009,43.6,15,7,0,0,10,Partially cloudy,partly-cloudy-day,
Ho Chi Minh,2026-06-26T07:00:00,81.4,87.5,74.9,80.77,0,36,,0,0,11.4,4.5,222.5,1010,73.6,15,139,0.5,1,30,Partially cloudy,partly-cloudy-day,
Ho Chi Minh,2026-06-26T08:00:00,84.8,92.7,74.4,71.03,0.004,61,rain,0,0,12.8,6.7,236.2,1010,18.5,15,366,1.3,4,30,Rain,rain,
Ho Chi Minh,2026-06-26T09:00:00,88.1,96.3,73.5,62.15,0,61,rain,0,0,11.9,7.8,246.7,1010,28.4,15,579,2.1,6,30,"Rain, Partially cloudy",rain,
Ho Chi Minh,2026-06-26T10:00:00,90.9,98.9,72.4,54.74,0,61,rain,0,0,12.3,9.2,257.2,1010,100,15,757,2.7,8,30,"Rain, Overcast",rain,
Ho Chi Minh,2026-06-26T11:00:00,93.3,101.3,71.9,49.97,0.008,61,rain,0,0,12.3,9.6,262.2,1009,71.5,15,869,3.1,9,30,"Rain, Partially cloudy",rain,
Ho Chi Minh,2026-06-26T12:00:00,94.4,102.5,71.7,48.04,0.012,61,rain,0,0,12.3,10.1,271.9,1008,96.7,14.3,798,2.9,8,30,"Rain, Overcast",rain,
Ho Chi Minh,2026-06-26T13:00:00,92.4,100.5,72.2,52.02,0.02,61,rain,0,0,13,11.9,282.5,1008,71.4,14.8,531,1.9,5,30,"Rain, Partially cloudy",rain,
Ho Chi Minh,2026-06-26T14:00:00,92,100.1,72.2,52.6,0.004,61,rain,0,0,13.4,10.3,270.1,1007,77.6,15,481,1.7,5,30,"Rain, Partially cloudy",rain,
Ho Chi Minh,2026-06-26T15:00:00,94.6,102.5,71.5,47.48,0.004,61,rain,0,0,13.6,11.2,256.4,1006,25.6,15,674,2.4,7,30,"Rain, Partially cloudy",rain,
Ho Chi Minh,2026-06-26T16:00:00,93.8,101.6,71.5,48.55,0,61,rain,0,0,14.5,11.6,264,1006,50.7,15,496,1.8,5,30,"Rain, Partially cloudy",rain,
Ho Chi Minh,2026-06-26T17:00:00,92,99.9,72.1,52.28,0,61,rain,0,0,14.3,10.7,257.8,1006,33.1,15,238,0.9,2,30,"Rain, Partially cloudy",rain,
Ho Chi Minh,2026-06-26T18:00:00,89.7,97.1,72.2,56.6,0,61,rain,0,0,17,11.2,248.3,1006,44.5,15,103,0.4,1,30,"Rain, Partially cloudy",rain,
Ho Chi Minh,2026-06-26T19:00:00,85.6,92.6,73.1,66.53,0.02,61,rain,0,0,21,11.6,247.3,1008,67.1,12,0,0,0,30,"Rain, Partially cloudy",rain,
Ho Chi Minh,2026-06-26T20:00:00,83.9,90.5,73.3,70.51,0.008,77,rain,0,0,18.3,8.9,244.4,1008,53.6,15,0,0,0,10,"Rain, Partially cloudy",rain,
Ho Chi Minh,2026-06-26T21:00:00,82.7,88.2,72.6,71.67,0,77,rain,0,0,16.3,6.9,246.6,1009,92.4,15,0,0,0,3,"Rain, Overcast",rain,
Ho Chi Minh,2026-06-26T22:00:00,83.2,88.7,72.2,69.58,0,77,rain,0,0,19.7,5.8,239.1,1009,100,15,0,0,0,10,"Rain, Overcast",rain,
Ho Chi Minh,2026-06-26T23:00:00,83.2,88.5,71.9,68.74,0,77,rain,0,0,21.3,7.8,239.8,1010,100,15,0,0,0,10,"Rain, Overcast",rain,
Ho Chi Minh,2026-06-27T00:00:00,82.1,87.1,72.1,71.62,0,77,rain,0,0,23,8.9,238.7,1009,100,15,0,0,0,10,"Rain, Overcast",rain,
Ho Chi Minh,2026-06-27T01:00:00,81.2,86.1,72.8,75.56,0,77,rain,0,0,22.1,8.5,232.6,1008,99.4,15,0,0,0,10,"Rain, Overcast",rain,
Ho Chi Minh,2026-06-27T02:00:00,80.7,85.4,73.1,77.84,0,39,,0,0,21,7.2,230.9,1008,94.2,15,0,0,0,10,Overcast,cloudy,
Ho Chi Minh,2026-06-27T03:00:00,79.8,79.8,73.3,80.65,0,39,,0,0,19.9,6.7,233.6,1008,86,15,0,0,0,10,Partially cloudy,partly-cloudy-night,
Ho Chi Minh,2026-06-27T04:00:00,78.2,78.2,73.8,86.62,0.031,39,rain,0,0,14.5,4.5,225.1,1008,100,4.4,0,0,0,10,Overcast,cloudy,
Ho Chi Minh,2026-06-27T05:00:00,77.3,77.3,74.2,90.31,0.043,39,rain,0,0,8.1,2.7,215.6,1008,100,11.5,0,0,0,10,Overcast,cloudy,
Ho Chi Minh,2026-06-27T06:00:00,78,78,74.4,88.72,0.028,39,rain,0,0,7.6,2.9,209.1,1009,100,14.2,7,0,0,10,Overcast,cloudy,
Ho Chi Minh,2026-06-27T07:00:00,80,80,74.9,84.65,0.016,39,rain,0,0,13,4,238.4,1009,100,15,118,0.4,1,10,Overcast,cloudy,
Ho Chi Minh,2026-06-27T08:00:00,82.8,90.2,75.1,77.55,0.004,52,rain,0,0,13.4,6.3,256.3,1009,100,14.4,295,1.1,3,30,"Rain, Overcast",rain,
Ho Chi Minh,2026-06-27T09:00:00,86.1,94.5,74.4,68.22,0.008,52,rain,0,0,13.9,8.5,271.8,1009,100,15,491,1.8,5,30,"Rain, Overcast",rain,
Ho Chi Minh,2026-06-27T10:00:00,89.1,97.5,73.3,59.71,0,52,rain,0,0,14.8,9.8,273.8,1009,100,15,660,2.4,7,30,"Rain, Overcast",rain,
Ho Chi Minh,2026-06-27T11:00:00,91.5,99.8,72.6,54.15,0,52,rain,0,0,13.9,9.6,271.4,1008,100,15,766,2.8,8,30,"Rain, Overcast",rain,
Ho Chi Minh,2026-06-27T12:00:00,93.3,101.3,71.9,49.97,0,52,rain,0,0,13.6,9.6,271,1008,100,15,751,2.7,8,30,"Rain, Overcast",rain,
Ho Chi Minh,2026-06-27T13:00:00,91.8,99.7,72.1,52.58,0.008,52,rain,0,0,12.8,9.6,257,1007,100,11.7,429,1.5,4,30,"Rain, Overcast",rain,
Ho Chi Minh,2026-06-27T14:00:00,90.1,98,72.6,56.65,0.004,84,rain,0,0,12.5,8.7,244.1,1006,100,15,211,0.8,2,30,"Rain, Overcast",rain,
Ho Chi Minh,2026-06-27T15:00:00,90.2,98,72.4,55.99,0,84,rain,0,0,13.6,7.4,253.6,1005,100,15,153,0.6,2,30,"Rain, Overcast",rain,
Ho Chi Minh,2026-06-27T16:00:00,90.1,97.6,72.2,55.96,0,84,rain,0,0,14.3,9.8,239.1,1005,100,15,128,0.5,1,30,"Rain, Overcast",rain,
Ho Chi Minh,2026-06-27T17:00:00,88.4,96.1,72.8,59.98,0,84,rain,0,0,18.1,8.1,236.9,1005,100,15,64,0.2,1,30,"Rain, Overcast",rain,
Ho Chi Minh,2026-06-27T18:00:00,87.7,95.7,73.3,62.49,0,84,rain,0,0,18.1,6.3,240.2,1006,100,15,28,0.1,0,30,"Rain, Overcast",rain,
Ho Chi Minh,2026-06-27T19:00:00,87.3,95.2,73.3,63.2,0,84,rain,0,0,18.1,8.7,238.5,1007,100,15,0,0,0,30,"Rain, Overcast",rain,
Ho Chi Minh,2026-06-27T20:00:00,85.7,93,73.3,66.55,0.004,55,rain,0,0,19.7,9.2,242.5,1008,100,15,0,0,0,30,"Rain, Overcast",rain,
Ho Chi Minh,2026-06-27T21:00:00,84.5,91.4,73.5,69.71,0.008,55,rain,0,0,21.5,9.6,245.5,1008,100,15,0,0,0,30,"Rain, Overcast",rain,
Ho Chi Minh,2026-06-27T22:00:00,83.6,89.7,72.9,70.47,0.012,55,rain,0,0,22.4,8.5,245,1009,100,15,0,0,0,10,"Rain, Overcast",rain,
Ho Chi Minh,2026-06-27T23:00:00,82.7,88.5,73.1,72.99,0,55,rain,0,0,22.8,8.7,242.6,1009,100,15,0,0,0,10,"Rain, Overcast",rain,
Ho Chi Minh,2026-06-28T00:00:00,82.1,87.9,73.5,75.18,0.004,55,rain,0,0,22.6,8.3,239.2,1008,100,15,0,0,0,10,"Rain, Overcast",rain,
Ho Chi Minh,2026-06-28T01:00:00,81.8,87.4,73.7,76.53,0,55,rain,0,0,21.9,6.9,247,1008,100,15,0,0,0,30,"Rain, Overcast",rain,
Ho Chi Minh,2026-06-28T02:00:00,80.1,84.9,74.2,82.15,0.031,29,rain,0,0,16.3,5.4,247.4,1007,100,6.4,0,0,0,30,Overcast,cloudy,
Ho Chi Minh,2026-06-28T03:00:00,79.6,79.6,74.7,85.14,0.035,29,rain,0,0,16.3,5.1,240.9,1007,100,15,0,0,0,30,Overcast,cloudy,
Ho Chi Minh,2026-06-28T04:00:00,79.8,79.8,75.1,85.66,0,29,,0,0,18.8,6,233.7,1007,100,15,0,0,0,30,Overcast,cloudy,
Ho Chi Minh,2026-06-28T05:00:00,79.8,79.8,75.3,86.18,0,29,,0,0,19.5,5.4,239.7,1007,100,15,0,0,0,30,Overcast,cloudy,
Ho Chi Minh,2026-06-28T06:00:00,80,80,75.5,86.19,0,29,,0,0,19.7,5.1,246.1,1008,99.7,15,4,0,0,30,Overcast,cloudy,
Ho Chi Minh,2026-06-28T07:00:00,81.4,88,75.6,82.73,0,29,,0,0,19.5,7.2,249.2,1008,93.1,15,97,0.3,1,30,Overcast,cloudy,
Ho Chi Minh,2026-06-28T08:00:00,85.2,94.1,75.3,72.35,0,42,,0,0,18.1,10.1,258.1,1008,78.4,15,357,1.3,4,30,Partially cloudy,partly-cloudy-day,
Ho Chi Minh,2026-06-28T09:00:00,88.1,97.5,74.6,64.45,0,42,,0,0,15.2,10.5,263.8,1009,49.5,15,575,2.1,6,30,Partially cloudy,partly-cloudy-day,
Ho Chi Minh,2026-06-28T10:00:00,90.9,100.5,73.8,57.46,0.004,42,rain,0,0,15.4,10.5,262,1008,87,15,704,2.5,7,30,Partially cloudy,partly-cloudy-day,
Ho Chi Minh,2026-06-28T11:00:00,92.7,101.2,72.4,51.75,0,42,,0,0,15.9,11,261.3,1007,100,15,614,2.2,6,30,Overcast,cloudy,
Ho Chi Minh,2026-06-28T12:00:00,91.7,100,72.6,53.85,0.012,42,rain,0,0,15.7,9.4,266.1,1007,100,15,296,1.1,3,30,Overcast,cloudy,
Ho Chi Minh,2026-06-28T13:00:00,91.7,99.6,72.2,53.2,0.008,42,rain,0,0,14.1,7.2,269.6,1006,100,15,198,0.7,2,30,Overcast,cloudy,
Ho Chi Minh,2026-06-28T14:00:00,91.5,100,72.8,54.48,0.004,58,rain,0,0,13.6,7.2,256.9,1005,100,15,173,0.6,2,30,"Rain, Overcast",rain,
Ho Chi Minh,2026-06-28T15:00:00,91.1,99.5,72.8,55.1,0.004,58,rain,0,0,13.6,7.6,249.7,1004,100,15,128,0.5,1,30,"Rain, Overcast",rain,
Ho Chi Minh,2026-06-28T16:00:00,90.1,98.9,73.5,58.39,0,58,rain,0,0,16.6,9.6,237.4,1004,100,15,96,0.3,1,30,"Rain, Overcast",rain,
Ho Chi Minh,2026-06-28T17:00:00,88.8,96.9,73.1,60.02,0,58,rain,0,0,18.6,7.8,237.3,1005,100,15,64,0.2,1,30,"Rain, Overcast",rain,
Ho Chi Minh,2026-06-28T18:00:00,88.4,96.6,73.3,61.08,0,58,rain,0,0,17.9,8.5,234.4,1005,100,15,30,0.1,0,30,"Rain, Overcast",rain,
Ho Chi Minh,2026-06-28T19:00:00,87.2,94.6,72.9,62.8,0,58,rain,0,0,21.3,9.8,236.6,1005,100,15,0,0,0,30,"Rain, Overcast",rain,
Ho Chi Minh,2026-06-28T20:00:00,86.3,93.1,72.6,63.85,0,48,rain,0,0,20.8,9.4,232.3,1006,100,15,0,0,0,10,"Rain, Overcast",rain,
Ho Chi Minh,2026-06-28T21:00:00,84.8,91.3,72.8,67.26,0,48,rain,0,0,21.9,9.4,238,1007,100,15,0,0,0,10,"Rain, Overcast",rain,
Ho Chi Minh,2026-06-28T22:00:00,83.7,90.2,73.3,70.92,0,48,rain,0,0,22.8,9.2,240.7,1008,100,15,0,0,0,10,"Rain, Overcast",rain,
Ho Chi Minh,2026-06-28T23:00:00,83.4,90.2,74,73.5,0,48,rain,0,0,22.8,9.2,241.7,1008,100,15,0,0,0,30,"Rain, Overcast",rain,
Ho Chi Minh,2026-06-29T00:00:00,83,89.8,74.2,74.81,0,48,rain,0,0,21.5,8.5,238.2,1007,100,15,0,0,0,30,"Rain, Overcast",rain,
Ho Chi Minh,2026-06-29T01:00:00,82.8,89.6,74.4,75.7,0,48,rain,0,0,21.7,8.1,241.1,1006,100,15,0,0,0,30,"Rain, Overcast",rain,
Ho Chi Minh,2026-06-29T02:00:00,81.9,88.2,74.6,78.56,0,58,rain,0,0,20.7,7.2,238,1006,99.7,12.1,0,0,0,30,"Rain, Overcast",rain,
Ho Chi Minh,2026-06-29T03:00:00,80.9,86.6,74.7,81.55,0,58,rain,0,0,19.6,6.3,234.9,1006,99.4,9.2,0,0,0,30,"Rain, Overcast",rain,
Ho Chi Minh,2026-06-29T04:00:00,80,80,74.9,84.65,0.024,58,rain,0,0,18.6,5.4,231.8,1006,99.1,6.3,0,0,0,30,"Rain, Overcast",rain,
Ho Chi Minh,2026-06-29T05:00:00,80.8,86.4,75.1,82.85,0,58,rain,0,0,19.1,6,235.4,1006.7,99.4,9.2,15,0.1,0,30,"Rain, Overcast",rain,
Ho Chi Minh,2026-06-29T06:00:00,81.5,87.9,75.2,81.1,0,58,rain,0,0,19.6,6.6,238.9,1007.3,99.7,12.1,30,0.1,0,30,"Rain, Overcast",rain,
Ho Chi Minh,2026-06-29T07:00:00,82.3,89.4,75.3,79.39,0.067,58,rain,0,0,20.1,7.2,242.5,1008,100,15,45,0.2,0,30,"Rain, Overcast",rain,
Ho Chi Minh,2026-06-29T08:00:00,84.9,93.2,74.8,71.89,0,58,rain,0,0,18.5,8.4,248.5,1008,98.7,15,184,0.7,2,30,"Rain, Overcast",rain,
Ho Chi Minh,2026-06-29T09:00:00,87.5,96.4,74.3,65.16,0,58,rain,0,0,16.9,9.7,254.6,1008,97.4,15,323,1.2,3,30,"Rain, Overcast",rain,
Ho Chi Minh,2026-06-29T10:00:00,90.1,99.3,73.8,59.1,0,58,rain,0,0,15.2,11,260.6,1008,96.1,15,462,1.7,5,30,"Rain, Overcast",rain,
Ho Chi Minh,2026-06-29T11:00:00,91.5,100.4,73.1,54.93,0,58,rain,0,0,14.2,10.1,258.6,1007,97.4,14.7,536.3,2,5,30,"Rain, Overcast",rain,
Ho Chi Minh,2026-06-29T12:00:00,93.1,101.4,72.3,51.07,0,58,rain,0,0,13.3,9.2,256.5,1006,98.7,14.5,610.7,2.2,6,30,"Rain, Overcast",rain,
Ho Chi Minh,2026-06-29T13:00:00,94.6,102.5,71.5,47.48,0.008,58,rain,0,0,12.3,8.3,254.5,1005,100,14.3,685,2.5,7,30,"Rain, Overcast",rain,
Ho Chi Minh,2026-06-29T14:00:00,92.7,100.8,72.2,51.43,0,77,rain,0,0,13.6,8.6,247,1004.7,100,14.5,500,1.8,5,30,"Rain, Overcast",rain,
Ho Chi Minh,2026-06-29T15:00:00,90.8,99.2,72.8,55.73,0,77,rain,0,0,14.8,8.9,239.5,1004.3,100,14.7,315,1.2,3,30,"Rain, Overcast",rain,
Ho Chi Minh,2026-06-29T16:00:00,89,97.5,73.5,60.41,0.024,77,rain,0,0,16.1,9.2,232,1004,100,15,130,0.5,1,30,"Rain, Overcast",rain,
Ho Chi Minh,2026-06-29T17:00:00,87.9,96.4,73.8,63.27,0,77,rain,0,0,16.5,8.5,227,1004.3,100,14.7,86.7,0.3,1,30,"Rain, Overcast",rain,
Ho Chi Minh,2026-06-29T18:00:00,86.8,95.3,74.2,66.27,0,77,rain,0,0,16.9,7.8,221.9,1004.7,100,14.5,43.3,0.2,0,30,"Rain, Overcast",rain,
Ho Chi Minh,2026-06-29T19:00:00,85.7,94.2,74.6,69.42,0.02,77,rain,0,0,17.2,7.2,216.9,1005,100,14.3,0,0,0,30,"Rain, Overcast",rain,
Ho Chi Minh,2026-06-29T20:00:00,84.9,93,74.6,71.18,0,48,rain,0,0,18.6,7.7,220.9,1005.7,100,14.5,0,0,0,30,"Rain, Overcast",rain,
Ho Chi Minh,2026-06-29T21:00:00,84.2,91.9,74.6,72.99,0,48,rain,0,0,20.1,8.2,224.9,1006.3,100,14.7,0,0,0,30,"Rain, Overcast",rain,
Ho Chi Minh,2026-06-29T22:00:00,83.4,90.6,74.6,74.84,0.012,48,rain,0,0,21.5,8.7,228.9,1007,100,15,0,0,0,30,"Rain, Overcast",rain,
Ho Chi Minh,2026-06-29T23:00:00,82.7,89.6,74.6,76.46,0,48,rain,0,0,22.4,9.1,229,1006.7,100,15,0,0,0,30,"Rain, Overcast",rain,
Ho Chi Minh,2026-06-30T00:00:00,82.1,88.5,74.6,78.11,0,48,rain,0,0,23.3,9.5,229,1006.3,100,15,0,0,0,30,"Rain, Overcast",rain,
Ho Chi Minh,2026-06-30T01:00:00,81.4,87.3,74.6,79.8,0.028,48,rain,0,0,24.2,9.8,229.1,1006,100,15,0,0,0,30,"Rain, Overcast",rain,
Ho Chi Minh,2026-06-30T02:00:00,81.1,86.7,74.6,80.74,0,45,,0,0,23,9,231.2,1006,100,15,0,0,0,10,Overcast,cloudy,
Ho Chi Minh,2026-06-30T03:00:00,80.7,86,74.6,81.69,0,45,,0,0,21.9,8.2,233.2,1006,100,15,0,0,0,10,Overcast,cloudy,
Ho Chi Minh,2026-06-30T04:00:00,80.3,85.4,74.6,82.66,0.051,45,rain,0,0,20.8,7.4,235.3,1006,100,15,0,0,0,10,Overcast,cloudy,
Ho Chi Minh,2026-06-30T05:00:00,80.9,86.4,74.6,81.22,0,45,,0,0,19.2,7.2,234.2,1006.3,76.8,15,13.3,0,0,10,Partially cloudy,partly-cloudy-night,
Ho Chi Minh,2026-06-30T06:00:00,81.4,87.3,74.6,79.8,0,45,,0,0,17.7,7.1,233.1,1006.7,53.5,15,26.7,0.1,0,10,Partially cloudy,partly-cloudy-day,
Ho Chi Minh,2026-06-30T07:00:00,81.9,88.3,74.6,78.41,0,45,,0,0,16.1,6.9,232,1007,30.3,15,40,0.1,0,10,Partially cloudy,partly-cloudy-day,
Ho Chi Minh,2026-06-30T08:00:00,84.2,91.8,74.5,72.55,0,74,rain,0,0,15.5,8.3,238.7,1007,52.3,14.8,194.3,0.7,2,30,"Rain, Partially cloudy",rain,
Ho Chi Minh,2026-06-30T09:00:00,86.5,95,74.3,67.18,0,74,rain,0,0,14.9,9.6,245.3,1007,74.3,14.6,348.7,1.2,3,30,"Rain, Partially cloudy",rain,
Ho Chi Minh,2026-06-30T10:00:00,88.8,98,74.2,62.24,0.035,74,rain,0,0,14.3,11,252,1007,96.3,14.4,503,1.8,5,30,"Rain, Overcast",rain,
Ho Chi Minh,2026-06-30T11:00:00,89,98.8,74.7,62.89,0,74,rain,0,0,14.3,10.8,249.7,1006.3,97.5,10.6,582.3,2.1,6,30,"Rain, Overcast",rain,
Ho Chi Minh,2026-06-30T12:00:00,89.1,99.6,75.2,63.55,0,74,rain,0,0,14.3,10.7,247.4,1005.7,98.8,6.8,661.7,2.4,7,30,"Rain, Overcast",rain,
Ho Chi Minh,2026-06-30T13:00:00,89.3,100.4,75.6,64.21,0.22,74,rain,0,0,14.3,10.5,245.1,1005,100,3,741,2.7,7,30,"Rain, Overcast",rain,
Ho Chi Minh,2026-06-30T14:00:00,88.4,99.4,75.9,66.71,0,84,rain,0,0,15.5,11.1,242.5,1004.7,100,7,683.3,2.5,7,30,"Rain, Overcast",rain,
Ho Chi Minh,2026-06-30T15:00:00,87.4,98.3,76.1,69.32,0,84,rain,0,0,16.7,11.7,239.8,1004.3,100,10.9,625.7,2.2,6,30,"Rain, Overcast",rain,
Ho Chi Minh,2026-06-30T16:00:00,86.4,97.1,76.4,72.04,0.201,84,rain,0,0,17.9,12.3,237.2,1004,100,14.8,568,2,6,30,"Rain, Overcast",rain,
Ho Chi Minh,2026-06-30T17:00:00,84.6,93.9,75.9,75.25,0,84,rain,0,0,21.7,13,239.1,1004.7,100,14.9,378.7,1.3,4,30,"Rain, Overcast",rain,
Ho Chi Minh,2026-06-30T18:00:00,82.8,90.5,75.5,78.64,0,84,rain,0,0,25.5,13.6,240.9,1005.3,100,14.9,189.3,0.7,2,30,"Rain, Overcast",rain,
Ho Chi Minh,2026-06-30T19:00:00,81.1,87,75.1,82.21,0.071,84,rain,0,0,29.3,14.3,242.8,1006,100,15,0,0,0,10,"Rain, Overcast",rain,
Ho Chi Minh,2026-06-30T20:00:00,80.4,85.6,74.6,82.5,0,81,rain,0,0,28.6,13.4,246.7,1006.7,100,15,0,0,0,10,"Rain, Overcast",rain,
Ho Chi Minh,2026-06-30T21:00:00,79.8,79.8,74.1,82.79,0,81,rain,0,0,28,12.5,250.7,1007.3,100,15,0,0,0,10,"Rain, Overcast",rain,
Ho Chi Minh,2026-06-30T22:00:00,79.2,79.2,73.7,83.09,0.008,81,rain,0,0,27.3,11.6,254.6,1008,100,15,0,0,0,10,"Rain, Overcast",rain,
Ho Chi Minh,2026-06-30T23:00:00,79,79,73.4,83.07,0,81,rain,0,0,26.6,10.4,257.8,1007.7,100,15,0,0,0,10,"Rain, Overcast",rain,
Ho Chi Minh,2026-07-01T00:00:00,78.8,78.8,73.2,83.06,0,81,rain,0,0,25.9,9.2,261.1,1007.3,100,15,0,0,0,10,"Rain, Overcast",rain,
Ho Chi Minh,2026-07-01T01:00:00,78.5,78.5,72.9,83.04,0,81,rain,0,0,25.3,8.1,264.3,1007,100,15,0,0,0,10,"Rain, Overcast",rain,
Ho Chi Minh,2026-07-01T02:00:00,78.4,78.4,72.9,83.37,0,87,rain,0,0,25.1,7.8,264.9,1006.7,100,15,0,0,0,10,"Rain, Overcast",rain,
Ho Chi Minh,2026-07-01T03:00:00,78.3,78.3,72.9,83.7,0,87,rain,0,0,24.8,7.6,265.6,1006.3,100,15,0,0,0,10,"Rain, Overcast",rain,
Ho Chi Minh,2026-07-01T04:00:00,78.2,78.2,72.9,84.03,0.008,87,rain,0,0,24.6,7.4,266.2,1006,100,15,0,0,0,10,"Rain, Overcast",rain,
Ho Chi Minh,2026-07-01T05:00:00,78.4,78.4,73.2,84.22,0,87,rain,0,0,22.7,6.8,261.2,1006.3,100,11.5,7.3,0,0,10,"Rain, Overcast",rain,
Ho Chi Minh,2026-07-01T06:00:00,78.5,78.5,73.4,84.4,0,87,rain,0,0,20.9,6.2,256.1,1006.7,99.9,8.1,14.7,0.1,0,10,"Rain, Overcast",rain,
Ho Chi Minh,2026-07-01T07:00:00,78.7,78.7,73.7,84.58,0.012,87,rain,0,0,19,5.6,251.1,1007,99.9,4.6,22,0.1,0,10,"Rain, Overcast",rain,
Ho Chi Minh,2026-07-01T08:00:00,79.4,79.4,74,83.6,0,81,rain,0,0,18.6,6.6,252,1007.3,99.9,7.9,89.7,0.3,1,10,"Rain, Overcast",rain,
Ho Chi Minh,2026-07-01T09:00:00,80,84.7,74.3,82.64,0,81,rain,0,0,18.1,7.7,252.9,1007.7,100,11.2,157.3,0.6,2,10,"Rain, Overcast",rain,
Ho Chi Minh,2026-07-01T10:00:00,80.7,86,74.6,81.69,0.079,81,rain,0,0,17.7,8.7,253.8,1008,100,14.5,225,0.8,2,10,"Rain, Overcast",rain,
Ho Chi Minh,2026-07-01T11:00:00,80.3,85.2,74.6,82.82,0,81,rain,0,0,18.3,9.3,248.3,1007.3,100,11.9,222.3,0.8,2,10,"Rain, Overcast",rain,
Ho Chi Minh,2026-07-01T12:00:00,79.9,79.9,74.6,83.97,0,81,rain,0,0,19,9.9,242.9,1006.7,100,9.3,219.7,0.8,2,10,"Rain, Overcast",rain,
Ho Chi Minh,2026-07-01T13:00:00,79.4,79.4,74.6,85.13,0.083,81,rain,0,0,19.7,10.5,237.4,1006,100,6.6,217,0.8,2,10,"Rain, Overcast",rain,
Ho Chi Minh,2026-07-01T14:00:00,78.6,78.6,74.2,86.29,0,90,rain,0,0,21.4,10.2,240.8,1006,100,9.4,160.7,0.6,2,10,"Rain, Overcast",rain,
Ho Chi Minh,2026-07-01T15:00:00,77.9,77.9,73.8,87.48,0,90,rain,0,0,23.1,9.9,244.2,1006,100,12.2,104.3,0.4,1,10,"Rain, Overcast",rain,
Ho Chi Minh,2026-07-01T16:00:00,77.1,77.1,73.5,88.68,0.087,90,rain,0,0,24.8,9.6,247.6,1006,100,15,48,0.2,0,10,"Rain, Overcast",rain,
Ho Chi Minh,2026-07-01T17:00:00,77.2,77.2,73.7,89.22,0,90,rain,0,0,23.9,8.2,245.9,1006.3,100,15,32,0.1,0,10,"Rain, Overcast",rain,
Ho Chi Minh,2026-07-01T18:00:00,77.2,77.2,74,89.77,0,90,rain,0,0,22.9,6.8,244.3,1006.7,100,15,16,0.1,0,10,"Rain, Overcast",rain,
Ho Chi Minh,2026-07-01T19:00:00,77.3,77.3,74.2,90.31,0.008,90,rain,0,0,21.9,5.4,242.6,1007,100,15,0,0,0,10,"Rain, Overcast",rain,
Ho Chi Minh,2026-07-01T20:00:00,77.3,77.3,74.1,90.13,0,77,rain,0,0,21,5.3,248.8,1007.7,100,15,0,0,0,10,"Rain, Overcast",rain,
Ho Chi Minh,2026-07-01T21:00:00,77.3,77.3,74.1,89.95,0,77,rain,0,0,20,5.2,254.9,1008.3,100,15,0,0,0,10,"Rain, Overcast",rain,
Ho Chi Minh,2026-07-01T22:00:00,77.3,77.3,74,89.77,0,77,rain,0,0,19,5.1,261.1,1009,100,15,0,0,0,10,"Rain, Overcast",rain,
Ho Chi Minh,2026-07-01T23:00:00,77.2,77.2,73.7,89.04,0,77,rain,0,0,20.7,6.1,264.6,1008.3,100,15,0,0,0,10,"Rain, Overcast",rain,
Ho Chi Minh,2026-07-02T00:00:00,77,77,73.3,88.32,0,77,rain,0,0,22.3,7.1,268.1,1007.7,100,15,0,0,0,10,"Rain, Overcast",rain,
Ho Chi Minh,2026-07-02T01:00:00,76.9,76.9,72.9,87.61,0,77,rain,0,0,23.9,8.1,271.6,1007,100,15,0,0,0,10,"Rain, Overcast",rain,
Ho Chi Minh,2026-07-02T02:00:00,76.6,76.6,73,88.66,0,84,rain,0,0,23.5,7.4,267.1,1007,100,15,0,0,0,10,"Rain, Overcast",rain,
Ho Chi Minh,2026-07-02T03:00:00,76.3,76.3,73.1,89.73,0,84,rain,0,0,23,6.7,262.7,1007,100,15,0,0,0,10,"Rain, Overcast",rain,
Ho Chi Minh,2026-07-02T04:00:00,76,76,73.1,90.81,0,84,rain,0,0,22.6,6,258.2,1007,100,15,0,0,0,10,"Rain, Overcast",rain,
Ho Chi Minh,2026-07-02T05:00:00,76.2,76.2,73.3,90.82,0,84,rain,0,0,23.4,6.6,256.1,1007,100,15,1,0,0,10,"Rain, Overcast",rain,
Ho Chi Minh,2026-07-02T06:00:00,76.4,76.4,73.5,90.83,0,84,rain,0,0,24.2,7.1,254.1,1007,100,15,2,0,0,10,"Rain, Overcast",rain,
Ho Chi Minh,2026-07-02T07:00:00,76.6,76.6,73.7,90.83,0.004,84,rain,0,0,25.1,7.6,252,1007,100,15,3,0,0,10,"Rain, Overcast",rain,
Ho Chi Minh,2026-07-02T08:00:00,77,77,73.7,89.58,0,87,rain,0,0,25.2,8.5,255.5,1007.3,100,15,22,0.1,0,10,"Rain, Overcast",rain,
Ho Chi Minh,2026-07-02T09:00:00,77.5,77.5,73.8,88.35,0,87,rain,0,0,25.4,9.4,259.1,1007.7,100,15,41,0.1,0,10,"Rain, Overcast",rain,
Ho Chi Minh,2026-07-02T10:00:00,78,78,73.8,87.13,0.008,87,rain,0,0,25.5,10.3,262.6,1008,100,15,60,0.2,1,10,"Rain, Overcast",rain,
Ho Chi Minh,2026-07-02T11:00:00,78.2,78.2,74,86.97,0,87,rain,0,0,24.8,10.2,262.6,1007.7,100,15,95.7,0.3,1,10,"Rain, Overcast",rain,
Ho Chi Minh,2026-07-02T12:00:00,78.3,78.3,74.1,86.8,0,87,rain,0,0,24,10.1,262.7,1007.3,100,15,131.3,0.5,1,10,"Rain, Overcast",rain,
Ho Chi Minh,2026-07-02T13:00:00,78.5,78.5,74.2,86.63,0.028,87,rain,0,0,23.3,10.1,262.7,1007,100,15,167,0.6,2,10,"Rain, Overcast",rain,
Ho Chi Minh,2026-07-02T14:00:00,77.8,77.8,74.1,88.54,0,90,rain,0,0,23.9,10.4,261.4,1006.7,100,12.3,132.3,0.5,1,10,"Rain, Overcast",rain,
Ho Chi Minh,2026-07-02T15:00:00,77.1,77.1,74.1,90.49,0,90,rain,0,0,24.5,10.7,260,1006.3,100,9.7,97.7,0.3,1,10,"Rain, Overcast",rain,
Ho Chi Minh,2026-07-02T16:00:00,76.4,76.4,74,92.49,0.079,90,rain,0,0,25.1,11,258.7,1006,100,7.1,63,0.2,1,10,"Rain, Overcast",rain,
Ho Chi Minh,2026-07-02T17:00:00,76.1,76.1,74,93.04,0,90,rain,0,0,25.2,10.7,258.1,1006.7,100,7,42,0.1,0,10,"Rain, Overcast",rain,
Ho Chi Minh,2026-07-02T18:00:00,75.9,75.9,73.9,93.6,0,90,rain,0,0,25.4,10.5,257.5,1007.3,100,6.9,21,0.1,0,10,"Rain, Overcast",rain,
Ho Chi Minh,2026-07-02T19:00:00,75.6,75.6,73.8,94.16,0.217,90,rain,0,0,25.5,10.3,256.9,1008,100,6.8,0,0,0,10,"Rain, Overcast",rain,
Ho Chi Minh,2026-07-02T20:00:00,75.5,75.5,73.7,94.16,0,77,rain,0,0,25.6,10,256.2,1008.7,100,6.8,0,0,0,0,"Rain, Overcast",rain,
Ho Chi Minh,2026-07-02T21:00:00,75.3,75.3,73.5,94.15,0,77,rain,0,0,25.7,9.7,255.4,1009.3,100,6.8,0,0,0,0,"Rain, Overcast",rain,
Ho Chi Minh,2026-07-02T22:00:00,75.1,75.1,73.3,94.15,0.161,77,rain,0,0,25.7,9.4,254.7,1010,100,6.8,0,0,0,0,"Rain, Overcast",rain,
Ho Chi Minh,2026-07-02T23:00:00,75.2,75.2,73.2,93.58,0,77,rain,0,0,26.1,10.1,253.5,1009.3,100,9.5,0,0,0,0,"Rain, Overcast",rain,
Ho Chi Minh,2026-07-03T00:00:00,75.4,75.4,73.2,93.02,0,77,rain,0,0,26.5,10.7,252.2,1008.7,100,12.3,0,0,0,0,"Rain, Overcast",rain,
Ho Chi Minh,2026-07-03T01:00:00,75.5,75.5,73.1,92.46,0.11,77,rain,0,0,26.8,11.4,251,1008,100,15,0,0,0,0,"Rain, Overcast",rain,
Ho Chi Minh,2026-07-03T02:00:00,75.4,75.4,73.1,92.46,0,71,rain,0,0,26.1,11,253.6,1007.7,100,14.9,0,0,0,0,"Rain, Overcast",rain,
Ho Chi Minh,2026-07-03T03:00:00,75.4,75.4,73,92.46,0,71,rain,0,0,25.4,10.7,256.3,1007.3,100,14.9,0,0,0,0,"Rain, Overcast",rain,
Ho Chi Minh,2026-07-03T04:00:00,75.3,75.3,72.9,92.46,0.008,71,rain,0,0,24.6,10.3,258.9,1007,100,14.8,0,0,0,0,"Rain, Overcast",rain,
Ho Chi Minh,2026-07-03T05:00:00,75.2,75.2,73.2,93.39,0,71,rain,0,0,25.1,9.2,261.9,1007.3,100,11.8,1.7,0,0,0,"Rain, Overcast",rain,
Ho Chi Minh,2026-07-03T06:00:00,75.2,75.2,73.4,94.34,0,71,rain,0,0,25.7,8.2,265,1007.7,100,8.9,3.3,0,0,0,"Rain, Overcast",rain,
Ho Chi Minh,2026-07-03T07:00:00,75.1,75.1,73.7,95.29,0.075,71,rain,0,0,26.2,7.2,268,1008,100,6,5,0,0,10,"Rain, Overcast",rain,
Ho Chi Minh,2026-07-03T08:00:00,75.4,75.4,73.6,94.34,0,87,rain,0,0,25.9,7.2,268.3,1008.3,100,9,8.3,0,0,10,"Rain, Overcast",rain,
Ho Chi Minh,2026-07-03T09:00:00,75.6,75.6,73.6,93.4,0,87,rain,0,0,25.7,7.3,268.5,1008.7,100,12,11.7,0.1,0,10,"Rain, Overcast",rain,
Ho Chi Minh,2026-07-03T10:00:00,75.8,75.8,73.5,92.47,0.098,87,rain,0,0,25.5,7.4,268.8,1009,100,15,15,0.1,0,0,"Rain, Overcast",rain,
Ho Chi Minh,2026-07-03T11:00:00,76.2,76.2,73.7,92.11,0,87,rain,0,0,23.2,6.9,273.5,1008.3,100,13,29,0.1,0,10,"Rain, Overcast",rain,
Ho Chi Minh,2026-07-03T12:00:00,76.6,76.6,74,91.75,0,87,rain,0,0,20.9,6.3,278.3,1007.7,100,11,43,0.2,0,10,"Rain, Overcast",rain,
Ho Chi Minh,2026-07-03T13:00:00,76.9,76.9,74.2,91.4,0.035,87,rain,0,0,18.6,5.8,283,1007,100,9,57,0.2,1,10,"Rain, Overcast",rain,
Ho Chi Minh,2026-07-03T14:00:00,76.9,76.9,74.3,91.58,0,97,rain,0,0,20.2,6.3,284.2,1006.7,100,7.4,50,0.2,1,10,"Rain, Overcast",rain,
Ho Chi Minh,2026-07-03T15:00:00,76.9,76.9,74.3,91.76,0,97,rain,0,0,21.8,6.7,285.3,1006.3,100,5.9,43,0.1,0,10,"Rain, Overcast",rain,
Ho Chi Minh,2026-07-03T16:00:00,76.9,76.9,74.4,91.95,0.138,97,rain,0,0,23.5,7.2,286.5,1006,100,4.3,36,0.1,0,10,"Rain, Overcast",rain,
Ho Chi Minh,2026-07-03T17:00:00,76.5,76.5,74.3,92.86,0,97,rain,0,0,23,7.2,277.3,1006.7,100,5.7,24,0.1,0,10,"Rain, Overcast",rain,
Ho Chi Minh,2026-07-03T18:00:00,76.1,76.1,74.1,93.79,0,97,rain,0,0,22.4,7.2,268,1007.3,100,7.1,12,0,0,10,"Rain, Overcast",rain,
Ho Chi Minh,2026-07-03T19:00:00,75.6,75.6,74,94.73,0.205,97,rain,0,0,21.9,7.2,258.8,1008,100,8.5,0,0,0,10,"Rain, Overcast",rain,
Ho Chi Minh,2026-07-03T20:00:00,75.7,75.7,74,94.35,0,58,rain,0,0,23.1,7.4,256.9,1008.3,100,10.6,0,0,0,10,"Rain, Overcast",rain,
Ho Chi Minh,2026-07-03T21:00:00,75.8,75.8,73.9,93.97,0,58,rain,0,0,24.3,7.6,255,1008.7,100,12.8,0,0,0,10,"Rain, Overcast",rain,
Ho Chi Minh,2026-07-03T22:00:00,75.8,75.8,73.8,93.6,0.031,58,rain,0,0,25.5,7.8,253.1,1009,100,15,0,0,0,10,"Rain, Overcast",rain,
Ho Chi Minh,2026-07-03T23:00:00,75.8,75.8,73.7,93.22,0,58,rain,0,0,25.7,8.2,253.8,1008.7,100,14.7,0,0,0,10,"Rain, Overcast",rain,
Ho Chi Minh,2026-07-04T00:00:00,75.8,75.8,73.6,92.85,0,58,rain,0,0,25.9,8.6,254.6,1008.3,100,14.4,0,0,0,10,"Rain, Overcast",rain,
Ho Chi Minh,2026-07-04T01:00:00,75.8,75.8,73.5,92.47,0.02,58,rain,0,0,26.2,8.9,255.3,1008,100,14.2,0,0,0,10,"Rain, Overcast",rain,
Ho Chi Minh,2026-07-04T02:00:00,75.6,75.6,73.5,93.21,0,65,rain,0,0,26.6,8.7,254.5,1007.7,100,12.1,0,0,0,10,"Rain, Overcast",rain,
Ho Chi Minh,2026-07-04T03:00:00,75.4,75.4,73.5,93.96,0,65,rain,0,0,27.1,8.5,253.8,1007.3,100,9.9,0,0,0,10,"Rain, Overcast",rain,
Ho Chi Minh,2026-07-04T04:00:00,75.1,75.1,73.5,94.72,0.055,65,rain,0,0,27.5,8.3,253,1007,100,7.8,0,0,0,10,"Rain, Overcast",rain,
Ho Chi Minh,2026-07-04T05:00:00,75.5,75.5,73.7,94.16,0,65,rain,0,0,26.9,8.9,258.3,1007.7,100,7.6,2.7,0,0,10,"Rain, Overcast",rain,
Ho Chi Minh,2026-07-04T06:00:00,75.8,75.8,73.8,93.6,0,65,rain,0,0,26.3,9.5,263.5,1008.3,100,7.5,5.3,0,0,10,"Rain, Overcast",rain,
Ho Chi Minh,2026-07-04T07:00:00,76.2,76.2,74,93.04,0.083,65,rain,0,0,25.7,10.1,268.8,1009,100,7.3,8,0,0,10,"Rain, Overcast",rain,
Ho Chi Minh,2026-07-04T08:00:00,76,76,74.1,93.79,0,77,rain,0,0,24.9,9.3,263.2,1009,100,6.7,20.7,0.1,0,10,"Rain, Overcast",rain,
Ho Chi Minh,2026-07-04T09:00:00,75.8,75.8,74.1,94.54,0,77,rain,0,0,24.1,8.6,257.7,1009,100,6.2,33.3,0.1,0,10,"Rain, Overcast",rain,
Ho Chi Minh,2026-07-04T10:00:00,75.6,75.6,74.2,95.3,0.193,77,rain,0,0,23.3,7.8,252.1,1009,100,5.6,46,0.2,0,10,"Rain, Overcast",rain,
Ho Chi Minh,2026-07-04T11:00:00,75.7,75.7,74.3,95.3,0,77,rain,0,0,23.6,8.3,251.1,1008.7,100,5.7,52.3,0.2,1,10,"Rain, Overcast",rain,
Ho Chi Minh,2026-07-04T12:00:00,75.8,75.8,74.3,95.31,0,77,rain,0,0,23.9,8.7,250.2,1008.3,100,5.8,58.7,0.2,1,10,"Rain, Overcast",rain,
Ho Chi Minh,2026-07-04T13:00:00,75.8,75.8,74.4,95.31,0.256,77,rain,0,0,24.2,9.2,249.2,1008,100,5.9,65,0.2,1,10,"Rain, Overcast",rain,
Ho Chi Minh,2026-07-04T14:00:00,75.7,75.7,74.2,95.11,0,87,rain,0,0,24.2,9.6,250.6,1008,100,5.7,54.3,0.2,1,10,"Rain, Overcast",rain,
Ho Chi Minh,2026-07-04T15:00:00,75.6,75.6,74,94.92,0,87,rain,0,0,24.3,10.1,251.9,1008,100,5.4,43.7,0.1,0,10,"Rain, Overcast",rain,
Ho Chi Minh,2026-07-04T16:00:00,75.5,75.5,73.8,94.73,0.181,87,rain,0,0,24.4,10.5,253.3,1008,100,5.2,33,0.1,0,10,"Rain, Overcast",rain,
Ho Chi Minh,2026-07-04T17:00:00,75.4,75.4,73.6,94.34,0,87,rain,0,0,24.5,10.1,251.4,1008.3,100,8.5,22,0.1,0,10,"Rain, Overcast",rain,
Ho Chi Minh,2026-07-04T18:00:00,75.2,75.2,73.4,93.96,0,87,rain,0,0,24.5,9.6,249.4,1008.7,100,11.7,11,0,0,10,"Rain, Overcast",rain,
Ho Chi Minh,2026-07-04T19:00:00,75.1,75.1,73.1,93.58,0.177,87,rain,0,0,24.6,9.2,247.5,1009,100,15,0,0,0,0,"Rain, Overcast",rain,
Ho Chi Minh,2026-07-04T20:00:00,75.1,75.1,73.2,93.77,0,48,rain,0,0,24.5,9.1,246.6,1009.3,100,13.6,0,0,0,0,"Rain, Overcast",rain,
Ho Chi Minh,2026-07-04T21:00:00,75.1,75.1,73.2,93.96,0,48,rain,0,0,24.5,9,245.6,1009.7,100,12.2,0,0,0,0,"Rain, Overcast",rain,
Ho Chi Minh,2026-07-04T22:00:00,75.1,75.1,73.3,94.15,0.012,48,rain,0,0,24.4,8.9,244.7,1010,100,10.9,0,0,0,0,"Rain, Overcast",rain,
Ho Chi Minh,2026-07-04T23:00:00,75.1,75.1,73.2,94.15,0,48,rain,0,0,25.1,9.2,245.1,1009.3,100,12.2,0,0,0,0,"Rain, Overcast",rain,
Ho Chi Minh,2026-07-05T00:00:00,75,75,73.2,94.14,0,48,rain,0,0,25.7,9.4,245.6,1008.7,100,13.6,0,0,0,0,"Rain, Overcast",rain,
Ho Chi Minh,2026-07-05T01:00:00,74.9,74.9,73.1,94.14,0.016,48,rain,0,0,26.4,9.6,246,1008,100,15,0,0,0,0,"Rain, Overcast",rain,
Ho Chi Minh,2026-07-05T02:00:00,74.8,74.8,73.1,94.52,0,58,rain,0,0,25.9,8.6,243.8,1008,99.4,15,0,0,0,0,"Rain, Overcast",rain,
Ho Chi Minh,2026-07-05T03:00:00,74.7,74.7,73.1,94.9,0,58,rain,0,0,25.4,7.7,241.6,1008,98.8,15,0,0,0,0,"Rain, Overcast",rain,
Ho Chi Minh,2026-07-05T04:00:00,74.6,74.6,73.1,95.28,0.016,58,rain,0,0,24.8,6.7,239.4,1008,98.2,15,0,0,0,0,"Rain, Overcast",rain,
Ho Chi Minh,2026-07-05T05:00:00,74.8,74.8,73.4,95.29,0,58,rain,0,0,24.2,6.1,237.8,1008.3,98.8,14.5,0.7,0,0,0,"Rain, Overcast",rain,
Ho Chi Minh,2026-07-05T06:00:00,75.1,75.1,73.6,95.29,0,58,rain,0,0,23.5,5.5,236.1,1008.7,99.4,14,1.3,0,0,10,"Rain, Overcast",rain,
Ho Chi Minh,2026-07-05T07:00:00,75.3,75.3,73.8,95.3,0.028,58,rain,0,0,22.8,4.9,234.5,1009,100,13.5,2,0,0,10,"Rain, Overcast",rain,
Ho Chi Minh,2026-07-05T08:00:00,76.7,76.7,74.1,91.76,0,81,rain,0,0,23.3,7.1,242.7,1009,100,10.9,44,0.2,0,10,"Rain, Overcast",rain,
Ho Chi Minh,2026-07-05T09:00:00,78.1,78.1,74.3,88.37,0,81,rain,0,0,23.7,9.2,250.9,1009,100,8.2,86,0.3,1,10,"Rain, Overcast",rain,
Ho Chi Minh,2026-07-05T10:00:00,79.4,79.4,74.6,85.13,0.043,81,rain,0,0,24.2,11.4,259.1,1009,100,5.5,128,0.5,1,10,"Rain, Overcast",rain,
Ho Chi Minh,2026-07-05T11:00:00,79.4,79.4,74.5,84.96,0,81,rain,0,0,24.2,11.7,264.7,1008.7,95.4,8,185.3,0.7,2,10,"Rain, Overcast",rain,
Ho Chi Minh,2026-07-05T12:00:00,79.3,79.3,74.3,84.78,0,81,rain,0,0,24.3,12,270.2,1008.3,90.7,10.4,242.7,0.9,2,10,"Rain, Overcast",rain,
Ho Chi Minh,2026-07-05T13:00:00,79.2,79.2,74.2,84.61,0.075,81,rain,0,0,24.4,12.3,275.8,1008,86.1,12.9,300,1.1,3,10,"Rain, Partially cloudy",rain,
Ho Chi Minh,2026-07-05T14:00:00,78.2,78.2,73.7,85.92,0,87,rain,0,0,25.4,12,271.7,1007.7,90.7,13.3,277.3,1,3,10,"Rain, Overcast",rain,
Ho Chi Minh,2026-07-05T15:00:00,77.2,77.2,73.1,87.27,0,87,rain,0,0,26.3,11.7,267.7,1007.3,95.4,13.8,254.7,0.9,3,10,"Rain, Overcast",rain,
Ho Chi Minh,2026-07-05T16:00:00,76.2,76.2,72.6,88.64,0.047,87,rain,0,0,27.3,11.4,263.6,1007,100,14.2,232,0.8,2,0,"Rain, Overcast",rain,
Ho Chi Minh,2026-07-05T17:00:00,75.6,75.6,72.7,90.62,0,87,rain,0,0,25.9,9.9,259.4,1007.7,100,12.8,154.7,0.5,2,0,"Rain, Overcast",rain,
Ho Chi Minh,2026-07-05T18:00:00,75.1,75.1,72.8,92.64,0,87,rain,0,0,24.6,8.4,255.3,1008.3,100,11.5,77.3,0.3,1,0,"Rain, Overcast",rain,
Ho Chi Minh,2026-07-05T19:00:00,74.6,74.6,72.9,94.71,0.043,87,rain,0,0,23.3,6.9,251.1,1009,100,10.2,0,0,0,0,"Rain, Overcast",rain,
Ho Chi Minh,2026-07-05T20:00:00,74.5,74.5,72.9,94.9,0,61,rain,0,0,21.8,6,241.8,1009.3,100,9.7,0,0,0,0,"Rain, Overcast",rain,
Ho Chi Minh,2026-07-05T21:00:00,74.5,74.5,72.9,95.09,0,61,rain,0,0,20.4,5.1,232.5,1009.7,100,9.2,0,0,0,0,"Rain, Overcast",rain,
Ho Chi Minh,2026-07-05T22:00:00,74.4,74.4,72.9,95.28,0.11,61,rain,0,0,19,4.3,223.2,1010,100,8.6,0,0,0,0,"Rain, Overcast",rain,
Ho Chi Minh,2026-07-05T23:00:00,74.7,74.7,73.2,94.9,0,61,rain,0,0,20.6,5.4,231.2,1009.7,100,10.7,0,0,0,0,"Rain, Overcast",rain,
Ho Chi Minh,2026-07-06T00:00:00,75.1,75.1,73.4,94.53,0,61,rain,0,0,22.1,6.5,239.3,1009.3,100,12.9,0,0,0,0,"Rain, Overcast",rain,
Ho Chi Minh,2026-07-06T01:00:00,75.5,75.5,73.7,94.16,0.028,61,rain,0,0,23.7,7.6,247.3,1009,100,15,0,0,0,10,"Rain, Overcast",rain,
Ho Chi Minh,2026-07-06T02:00:00,75.2,75.2,73.7,94.91,0,71,rain,0,0,22,7,243.2,1008.7,96.5,14.9,0,0,0,10,"Rain, Overcast",rain,
Ho Chi Minh,2026-07-06T03:00:00,75,75,73.7,95.68,0,71,rain,0,0,20.3,6.4,239.2,1008.3,93.1,14.8,0,0,0,10,"Rain, Overcast",rain,
Ho Chi Minh,2026-07-06T04:00:00,74.7,74.7,73.7,96.45,0.024,71,rain,0,0,18.6,5.8,235.1,1008,89.6,14.7,0,0,0,10,"Rain, Partially cloudy",rain,
Ho Chi Minh,2026-07-06T05:00:00,74.9,74.9,73.7,96.06,0,71,rain,0,0,19.5,6.4,236.2,1008.7,93.1,14.3,0.7,0,0,10,"Rain, Overcast",rain,
Ho Chi Minh,2026-07-06T06:00:00,75,75,73.7,95.68,0,71,rain,0,0,20.4,7,237.4,1009.3,96.5,13.8,1.3,0,0,10,"Rain, Overcast",rain,
Ho Chi Minh,2026-07-06T07:00:00,75.1,75.1,73.7,95.29,0.071,71,rain,0,0,21.3,7.6,238.5,1010,100,13.4,2,0,0,10,"Rain, Overcast",rain,
Ho Chi Minh,2026-07-06T08:00:00,75.1,75.1,73.2,93.77,0,87,rain,0,0,23,8.6,246.9,1010,100,13.9,10.3,0,0,0,"Rain, Overcast",rain,
Ho Chi Minh,2026-07-06T09:00:00,75.1,75.1,72.7,92.26,0,87,rain,0,0,24.8,9.5,255.4,1010,100,14.5,18.7,0.1,0,0,"Rain, Overcast",rain,
Ho Chi Minh,2026-07-06T10:00:00,75.1,75.1,72.2,90.78,0.043,87,rain,0,0,26.6,10.5,263.8,1010,100,15,27,0.1,0,0,"Rain, Overcast",rain,
Ho Chi Minh,2026-07-06T11:00:00,75,75,72.5,92.07,0,87,rain,0,0,25.4,9.4,255.7,1009.7,100,15,31.3,0.1,0,0,"Rain, Overcast",rain,
Ho Chi Minh,2026-07-06T12:00:00,74.9,74.9,72.8,93.38,0,87,rain,0,0,24.1,8.3,247.7,1009.3,100,15,35.7,0.1,0,0,"Rain, Overcast",rain,
Ho Chi Minh,2026-07-06T13:00:00,74.7,74.7,73.1,94.71,0.039,87,rain,0,0,22.8,7.2,239.6,1009,100,15,40,0.1,0,0,"Rain, Overcast",rain,
Ho Chi Minh,2026-07-06T14:00:00,74.7,74.7,72.9,94.33,0,90,rain,0,0,23.4,7.9,237.1,1008.7,100,12.2,45.3,0.1,0,0,"Rain, Overcast",rain,
Ho Chi Minh,2026-07-06T15:00:00,74.6,74.6,72.8,93.94,0,90,rain,0,0,24,8.6,234.7,1008.3,100,9.4,50.7,0.2,1,0,"Rain, Overcast",rain,
Ho Chi Minh,2026-07-06T16:00:00,74.6,74.6,72.6,93.56,0.039,90,rain,0,0,24.6,9.4,232.2,1008,100,6.6,56,0.2,1,0,"Rain, Overcast",rain,
Ho Chi Minh,2026-07-06T17:00:00,74.1,74.1,72.4,94.31,0,90,rain,0,0,24.8,9.1,227.9,1008.7,100,6.3,37.3,0.1,0,0,"Rain, Overcast",rain,
Ho Chi Minh,2026-07-06T18:00:00,73.7,73.7,72.2,95.07,0,90,rain,0,0,24.9,8.8,223.7,1009.3,100,5.9,18.7,0.1,0,0,"Rain, Overcast",rain,
Ho Chi Minh,2026-07-06T19:00:00,73.3,73.3,72.1,95.84,0.142,90,rain,0,0,25.1,8.5,219.4,1010,100,5.5,0,0,0,0,"Rain, Overcast",rain,
Ho Chi Minh,2026-07-06T20:00:00,73.3,73.3,71.6,94.3,0,48,rain,0,0,26.1,8.4,222.8,1010.7,100,8,0,0,0,0,"Rain, Overcast",rain,
Ho Chi Minh,2026-07-06T21:00:00,73.3,73.3,71.1,92.77,0,48,rain,0,0,27.1,8.4,226.2,1011.3,100,10.5,0,0,0,0,"Rain, Overcast",rain,
Ho Chi Minh,2026-07-06T22:00:00,73.3,73.3,70.6,91.27,0.13,48,rain,0,0,28.2,8.3,229.6,1012,100,13,0,0,0,0,"Rain, Overcast",rain,
Ho Chi Minh,2026-07-06T23:00:00,73.4,73.4,70.5,90.72,0,48,rain,0,0,28.4,8.1,231,1011.7,100,13.7,0,0,0,0,"Rain, Overcast",rain,
Ho Chi Minh,2026-07-07T00:00:00,73.4,73.4,70.4,90.16,0,48,rain,0,0,28.6,7.8,232.5,1011.3,100,14.3,0,0,0,0,"Rain, Overcast",rain,
Ho Chi Minh,2026-07-07T01:00:00,73.5,73.5,70.2,89.62,0.008,48,rain,0,0,28.9,7.6,233.9,1011,100,15,0,0,0,0,"Rain, Overcast",rain,
Ho Chi Minh,2026-07-07T02:00:00,73.4,73.4,70.1,89.43,0,52,rain,0,0,28.7,7.9,228,1010.7,100,15,0,0,0,0,"Rain, Overcast",rain,
Ho Chi Minh,2026-07-07T03:00:00,73.4,73.4,70,89.24,0,52,rain,0,0,28.6,8.2,222.2,1010.3,100,15,0,0,0,0,"Rain, Overcast",rain,
Ho Chi Minh,2026-07-07T04:00:00,73.3,73.3,69.9,89.06,0.035,52,rain,0,0,28.4,8.5,216.3,1010,100,15,0,0,0,0,"Rain, Overcast",rain,
Ho Chi Minh,2026-07-07T05:00:00,73.4,73.4,70.2,89.79,0,52,rain,0,0,27.9,8.8,219.1,1010.3,100,15,0.7,0,0,0,"Rain, Overcast",rain,
Ho Chi Minh,2026-07-07T06:00:00,73.4,73.4,70.5,90.53,0,52,rain,0,0,27.4,9.1,221.9,1010.7,100,15,1.3,0,0,0,"Rain, Overcast",rain,
Ho Chi Minh,2026-07-07T07:00:00,73.5,73.5,70.8,91.28,0.012,52,rain,0,0,26.8,9.4,224.7,1011,100,15,2,0,0,0,"Rain, Overcast",rain,
Ho Chi Minh,2026-07-07T08:00:00,74.3,74.3,71,89.47,0,68,rain,0,0,25.2,9.2,224.3,1011.3,100,15,55.3,0.3,1,0,"Rain, Overcast",rain,
Ho Chi Minh,2026-07-07T09:00:00,75.2,75.2,71.3,87.7,0,68,rain,0,0,23.6,8.9,223.9,1011.7,100,15,108.7,0.5,1,0,"Rain, Overcast",rain,
Ho Chi Minh,2026-07-07T10:00:00,76,76,71.5,85.98,0.008,68,rain,0,0,21.9,8.7,223.5,1012,100,15,162,0.6,2,0,"Rain, Overcast",rain,
Ho Chi Minh,2026-07-07T11:00:00,76.8,76.8,71.5,83.78,0,68,rain,0,0,20.9,8.6,238.4,1011.3,100,15,164.3,0.6,2,0,"Rain, Overcast",rain,
Ho Chi Minh,2026-07-07T12:00:00,77.6,77.6,71.5,81.64,0,68,rain,0,0,19.8,8.4,253.2,1010.7,100,15,166.7,0.6,2,0,"Rain, Overcast",rain,
Ho Chi Minh,2026-07-07T13:00:00,78.3,78.3,71.5,79.57,0.028,68,rain,0,0,18.8,8.3,268.1,1010,100,15,169,0.6,2,0,"Rain, Overcast",rain,
Ho Chi Minh,2026-07-07T14:00:00,78,78,70.7,78.1,0,77,rain,0,0,20.8,8.5,263.2,1009.7,99.9,15,145.3,0.5,1,0,"Rain, Overcast",rain,
Ho Chi Minh,2026-07-07T15:00:00,77.7,77.7,69.8,76.65,0,77,rain,0,0,22.8,8.7,258.4,1009.3,99.7,15,121.7,0.5,1,0,"Rain, Overcast",rain,
Ho Chi Minh,2026-07-07T16:00:00,77.4,77.4,69,75.22,0.008,77,rain,0,0,24.8,8.9,253.5,1009,99.6,15,98,0.4,1,0,"Rain, Overcast",rain,
Ho Chi Minh,2026-07-07T17:00:00,76.4,76.4,69,77.81,0,77,rain,0,0,21,7.5,273.7,1009.3,99.7,15,65.3,0.3,1,0,"Rain, Overcast",rain,
Ho Chi Minh,2026-07-07T18:00:00,75.4,75.4,69,80.5,0,77,rain,0,0,17.1,6.1,294,1009.7,99.9,15,32.7,0.1,0,0,"Rain, Overcast",rain,
Ho Chi Minh,2026-07-07T19:00:00,74.4,74.4,69,83.29,0.008,77,rain,0,0,13.2,4.7,314.2,1010,100,15,0,0,0,0,"Rain, Overcast",rain,
Ho Chi Minh,2026-07-07T20:00:00,74.3,74.3,69.3,84.32,0,45,,0,0,13.4,4.6,316.8,1010.7,100,15,0,0,0,0,Overcast,cloudy,
Ho Chi Minh,2026-07-07T21:00:00,74.3,74.3,69.6,85.36,0,45,,0,0,13.6,4.5,319.5,1011.3,100,15,0,0,0,0,Overcast,cloudy,
Ho Chi Minh,2026-07-07T22:00:00,74.2,74.2,69.9,86.41,0,45,,0,0,13.9,4.5,322.1,1012,100,15,0,0,0,0,Overcast,cloudy,
Ho Chi Minh,2026-07-07T23:00:00,74.1,74.1,70.1,87.29,0,45,,0,0,16.2,4.3,316.6,1011.3,100,15,0,0,0,0,Overcast,cloudy,
Ho Chi Minh,2026-07-08T00:00:00,74.1,74.1,70.4,88.19,0,45,,0,0,18.5,4.2,311.1,1010.7,100,15,0,0,0,0,Overcast,cloudy,
Ho Chi Minh,2026-07-08T01:00:00,74,74,70.6,89.09,0,45,,0,0,20.8,4,305.6,1010,100,15,0,0,0,0,Overcast,cloudy,
Ho Chi Minh,2026-07-08T02:00:00,74.3,74.3,70.2,86.95,0,58,rain,0,0,22.5,5,294.3,1009.7,100,15,0,0,0,0,"Rain, Overcast",rain,
Ho Chi Minh,2026-07-08T03:00:00,74.6,74.6,69.8,84.85,0,58,rain,0,0,24.2,6,282.9,1009.3,100,15,0,0,0,0,"Rain, Overcast",rain,
Ho Chi Minh,2026-07-08T04:00:00,74.9,74.9,69.3,82.81,0,58,rain,0,0,25.9,6.9,271.6,1009,100,15,0,0,0,0,"Rain, Overcast",rain,
Ho Chi Minh,2026-07-08T05:00:00,74.9,74.9,69.8,84.18,0,58,rain,0,0,21.8,5.7,287.6,1009.3,100,15,2.3,0,0,0,"Rain, Overcast",rain,
Ho Chi Minh,2026-07-08T06:00:00,74.9,74.9,70.3,85.57,0,58,rain,0,0,17.7,4.4,303.6,1009.7,100,15,4.7,0,0,0,"Rain, Overcast",rain,
Ho Chi Minh,2026-07-08T07:00:00,74.9,74.9,70.8,86.98,0,58,rain,0,0,13.6,3.1,319.6,1010,100,15,7,0,0,0,"Rain, Overcast",rain,
Ho Chi Minh,2026-07-08T08:00:00,77.3,77.3,70.4,79.33,0,61,rain,0,0,16.4,5.4,307.3,1010,90.9,15,119.3,0.5,1,0,"Rain, Overcast",rain,
Ho Chi Minh,2026-07-08T09:00:00,79.7,79.7,70.1,72.41,0,61,rain,0,0,19.2,7.6,295,1010,81.9,15,231.7,0.9,2,0,"Rain, Partially cloudy",rain,
Ho Chi Minh,2026-07-08T10:00:00,82.1,85.8,69.7,66.15,0,61,rain,0,0,21.9,9.8,282.7,1010,72.8,15,344,1.2,3,0,"Rain, Partially cloudy",rain,
Ho Chi Minh,2026-07-08T11:00:00,83.5,87.4,69.5,62.74,0,61,rain,0,0,20.9,10,282.5,1009.3,66.5,15,424.7,1.5,4,0,"Rain, Partially cloudy",rain,
Ho Chi Minh,2026-07-08T12:00:00,84.9,88.9,69.2,59.53,0,61,rain,0,0,19.8,10.1,282.4,1008.7,60.3,15,505.3,1.8,5,0,"Rain, Partially cloudy",rain,
Ho Chi Minh,2026-07-08T13:00:00,86.3,90.4,69,56.49,0,61,rain,0,0,18.8,10.3,282.2,1008,54,15,586,2.1,6,0,"Rain, Partially cloudy",rain,
Ho Chi Minh,2026-07-08T14:00:00,84.1,88.5,70,62.69,0,71,rain,0,0,16.3,8.8,285.7,1007.7,69.3,15,514,1.8,5,0,"Rain, Partially cloudy",rain,
Ho Chi Minh,2026-07-08T15:00:00,81.9,86.3,71,69.59,0,71,rain,0,0,13.9,7.3,289.1,1007.3,84.7,15,442,1.6,4,10,"Rain, Partially cloudy",rain,
Ho Chi Minh,2026-07-08T16:00:00,79.8,79.8,72.1,77.29,0,71,rain,0,0,11.4,5.8,292.6,1007,100,15,370,1.3,4,10,"Rain, Overcast",rain,
Ho Chi Minh,2026-07-08T17:00:00,78.8,78.8,72.2,80.41,0,71,rain,0,0,10.2,5.3,301.3,1007.7,100,12.6,246.7,0.9,2,10,"Rain, Overcast",rain,
Ho Chi Minh,2026-07-08T18:00:00,77.7,77.7,72.4,83.67,0,71,rain,0,0,9,4.8,310,1008.3,100,10.1,123.3,0.4,1,10,"Rain, Overcast",rain,
Ho Chi Minh,2026-07-08T19:00:00,76.7,76.7,72.6,87.07,0.055,71,rain,0,0,7.8,4.3,318.7,1009,100,7.7,0,0,0,10,"Rain, Overcast",rain,
Ho Chi Minh,2026-07-08T20:00:00,76.6,76.6,72.6,87.59,0,32,,0,0,7.1,4,321,1009.7,97.6,10.1,0,0,0,10,Overcast,cloudy,
Ho Chi Minh,2026-07-08T21:00:00,76.4,76.4,72.6,88.12,0,32,,0,0,6.3,3.7,323.4,1010.3,95.2,12.6,0,0,0,10,Overcast,cloudy,
Ho Chi Minh,2026-07-08T22:00:00,76.2,76.2,72.6,88.64,0.004,32,rain,0,0,5.6,3.4,325.7,1011,92.8,15,0,0,0,0,Overcast,cloudy,
Ho Chi Minh,2026-07-08T23:00:00,75.8,75.8,72.5,89.53,0,32,,0,0,7.5,3.7,314.1,1010.3,95.2,15,0,0,0,0,Overcast,cloudy,
